検索順位,タイトル,URL
1,プログラミング言語 Python - python.jp,https://www.python.jp/
2,Welcome to Python.org,https://www.python.org/
3,Pythonってどんな言語なの？ (1/2)：Python入門 - ＠IT,https://www.atmarkit.co.jp/ait/articles/1904/02/news024.html
4,Python | プログラミングの入門なら基礎から学べるProgate ...,https://prog-8.com/languages/python
5,Python - ウィキペディア,https://ja.wikipedia.org/wiki/Python
6,Python入門 〜Pythonのインストール方法やPythonを使った ...,https://www.javadrive.jp/python/
7,Pythonとは？大人気プログラミング言語のメリットや活用事例 ...,https://www.internetacademy.jp/it/programming/programming-basic/what-is-python.html
8,とほほのPython入門 - とほほのWWW入門,http://www.tohoho-web.com/python/
9,Python - Qiita,https://qiita.com/tags/python
10,PyQ（パイキュー） - 本気でプログラミングを学びたい人の ...,https://pyq.jp/
11,Python入門編1:Pythonでプログラムを書いてみよう ... - Paiza,https://paiza.jp/works/python3/primer/beginner-python1/4001
12,Python入門編1: プログラミングを学ぶのチャプター一覧 - Paiza,https://paiza.jp/works/python3/primer/beginner-python1
13,Pythonってどんな言語？ 特徴と歴史を『独習Python』から解説,https://codezine.jp/article/detail/12457
14,Python - アマゾン,https://www.amazon.co.jp/Python/s?k=Python
15,Python - プログラミング / コンピュータ・IT: 本 - Amazon.co.jp,https://www.amazon.co.jp/%E3%83%97%E3%83%AD%E3%82%B0%E3%83%A9%E3%83%9F%E3%83%B3%E3%82%B0-Python-%E3%82%B3%E3%83%B3%E3%83%94%E3%83%A5%E3%83%BC%E3%82%BF%E3%83%BBIT/s?rh=n%3A492352%2Cp_n_feature_seven_browse-bin%3A3232405051
16,Python入門 | 10秒で始めるAIプログラミング学習サービス ...,https://aidemy.net/courses/3010
17,Pythonプログラミング,https://www.isc.meiji.ac.jp/~mizutani/python/index.html
18,Javaは再び2位に上昇もPython人気が顕著に--TIOBE最新 ...,https://japan.zdnet.com/article/35163634/
19,PythonのIT勉強会・セミナー・イベント情報 - TECH PLAY ...,https://techplay.jp/tag/python
20,Python | チュートリアル、API、SDK、ドキュメント | AWS ...,https://aws.amazon.com/jp/developer/language/python/
21,一般社団法人Pythonエンジニア育成推進協会 | Pythonの学習の ...,https://www.pythonic-exam.com/
22,Python とはヘルプ | ArcGIS Desktop,https://desktop.arcgis.com/ja/arcmap/10.3/analyze/python/what-is-python-.htm
23,はじめてでもできる・わかる Python講座 | 資格取得・キャリア ...,https://haa.athuman.com/academy/python/
24,Python超入門コース 合併版｜Pythonの超基本的な部分を ...,https://www.youtube.com/watch?v=HyU3XL2F9GE
25,Pythonのコース一覧｜CTC教育サービス 研修/トレーニング,https://www.school.ctc-g.co.jp/python/
26,Pythonの生みの親グイド・ヴァンロッサム氏がオープンソース ...,https://jp.techcrunch.com/2020/11/15/2020-11-12-python-creator-guido-van-rossum-joins-microsoft/
27,1000円のPython入門などAIやデータサイエンスの学習 ...,https://ledge.ai/preferred-networks-signate-quest/
28,2. Python 入門  ディープラーニング入門：Chainer ...,https://tutorials.chainer.org/ja/02_Basics_of_Python.html
29,Python | IT用語辞典 | 大塚商会,https://www.otsuka-shokai.co.jp/words/python.html
30,PythonによるExcel自動化は何がスゴい？インストールから ...,https://www.sbbit.jp/article/cont1/46162
31,Pythonとは？特徴・メリット・できること・将来性まで徹底解説,https://www.pasonatech.co.jp/workstyle/column/detail.html?p=2185
32,プログラミング言語「Python」の人気が止まらない理由とは ...,https://wired.jp/2020/04/30/python-language-more-popular-than-ever/
33,Python の最初のステップ - Learn | Microsoft Docs,https://docs.microsoft.com/ja-jp/learn/paths/python-first-steps/
34,Pythonプログラミング入門 - Google Sites,https://sites.google.com/view/ut-python/
35,入門 Python 3 - O'Reilly Japan,https://www.oreilly.co.jp/books/9784873117386/
36,知っておくとPythonを早く会得できる5つのポイントを考察 ...,https://flxy.jp/article/11337
37,なんでもPythonプログラミング 平林万能IT技術研究所の奇妙 ...,https://gihyo.jp/book/2020/978-4-297-11637-8
38,pythonの意味・使い方・読み方｜英辞郎 on the WEB,https://eow.alc.co.jp/search?q=python
39,Python 2の終了日が2020年1月1日に決定 - InfoQ,https://www.infoq.com/jp/news/2019/11/python-2-end-of-life-approaching/
40,スラスラわかるPython（岩崎 圭 北川 慎治 寺田 学）｜翔泳社 ...,https://www.shoeisha.co.jp/book/detail/9784798151090
41,Python 1年生 体験してわかる！会話でまなべる ... - 翔泳社,https://www.shoeisha.co.jp/book/detail/9784798153193
42,[MIT] Python入門 を日本語で無料で学ぼう｜Asuka Academy,https://www.asuka-academy.com/mit/Python.html
43,【連載】ゼロからはじめるPython | マイナビニュース,https://news.mynavi.jp/series/zeropython/
44,Pythonプログラミング入門,https://utokyo-ipp.github.io/
45,Pythonとは？特徴やメリット・勉強法を解説【初心者向け ...,https://www.sejuku.net/blog/7720
46,いまさら聞けないIT用語：注目のプログラミング言語「Python ...,https://data.wingarc.com/python-25838
47,Pythonをご利用の方 | 株式会社アーテック,https://www.artec-kk.co.jp/artecrobo2/ja/software/python.php
48,Pythonエンジニア認定試験 | Odyssey CBT | オデッセイ ...,https://cbt.odyssey-com.co.jp/pythonic-exam.html
49,（プログラミング初心者向け）Python入門 ... - インソース,https://www.insource.co.jp/bup/bup-programming-python.html
